Username,Real Name
lucy_wjzh,Juezihan (Lucy) Wang
brguo55,NA
diarnewbound,NA
i_m_sophie07,Sophie Zhou
sherreyreie,NA
tina.6500,Tina
eric.hxyun,NA
jiayun_m0330,NA
liang_papers100,NA
wec.hatfeng45,NA
friedrichsun04,NA
notdemi_iiiii,NA
zhy_helga,Huiying Zhang
cxxy_rc,NA
loggerirene,NA
miraaanda10,NA
4p2il__0.0,NA
ayo_imxiaolan,NA
lawrencium_lu,Lawrence Lu
jessiez427,JessieZ
albemuth8979,NA
maylis_decastellane,NA
marco.interiano,Marco
apple2004forever,Amber Hou (Yanguo)
leohan0701,NA
addesspotts,NA
lucyg0918,NA
jnanl_v,NA
leo__czf,NA
sujay__14,NA
co_cutt,NA
_yutong_renee,NA
rubyyu_y,NA
suri_not_siri_,NA
bonniexuty,Tianyang Xu
lxtggtxl,NA
dmxystudio,NA
westonmatthews8,NA
joyp09_,NA
hsmy8329,NA
checkyinyau,NA
gusaiyuno_,NA
iam_nina28,NA
geminibllllue,NA
yueyangg.jjin0608,NA
xyw4ng,NA
ycycycycyun,NA
janie_jyy0411,NA
warrenwng37,NA
yuwei_shi_leo,NA
alexisleeqwq,NA
mattthew_shen,Matthew Shen
lianboxia_1019,NA
marteaux.x,NA
stu.emily,NA
bonnie_cai_,NA
g0ngkai_,NA
is_gloria_gloria_,gloria
parislu_831,NA
laura_yanqiu_hu,NA
ariellllllt,NA
tinawang1006,NA
tony.xincen.hou,NA
leo_also_leihuang,NA
lynn_wrl,Ruolin
odzz.zzzz,NA
heatherr2291,NA
hemonomomo,NA
yxine.7,NA
jackyip23,NA
yiping_amy,NA
ruizhe0207,NA
jason_dyy12,NA
shenzuerr,NA
justkingndquenerica,NA
kilma4569,NA
davidfang2786,NA
neil_qian7,NA
afrachen1222,Afra Chen
thisisserena_,NA
peiye.li,NA
fionawong_ww,NA
yijunxiaxia,NA
reading12412,NA
hhhhhc2004,NA
georgej0613,NA
yvnz7ran1,NA
storylinesy,NA
boseeinsteinc,NA
ziyusuniverse,NA
jerryan130902,NA
hannah.qian7,NA
arx222222,NA
p._mandevillei,NA
miimii.102,NA
mpat30_,NA
im._.listen.ing,NA
hydrofluoric_acid_aq,NA
real_donglin_wu_,NA
tomorrowrf,NA
xiu_essays3,NA
ryan.che.0507,NA
amyyyyyyychen,amyyc
halcyonyau,Thomas Y.
youyoux_314,NA
ycane2023,NA
jasmin._.e,NA
wangpapers2025,NA
hanqian_2023,NA
lucy_meeran,NA
fearw7,NA
jeremie_lei,NA
ricky_rainboots,NA
mollispisces,NA
essays.96,NA
nancyyy_gu,NA
victoriamitchel_,NA
bestwriters271,NA
yaasoong,李嘉琛
terry050815,NA
sophi05a_,NA
christy_xsy,NA
frankiewu17,NA
mollypan_,NA
viva_ce_aliciee,NA
lazenander,NA
li_mu_lv6,NA
lorrisrosenthal,NA
estherrrhypatia_d,NA
lynettexv_,NA
aeslehc0093,NA
boeing777_39p,NA
imclockworkhex,NA
stanleydingty,NA
cayennewong,NA
cameron_0003,NA
zryuman,NA
benjamin_mwz1,NA
dioszegi81,NA
atang6697,NA
nemuizzzzzz_,NA
zycarrry_,NA
lyjcq_,NA
s_zhu2004,NA
21becca_,Rebecca_cheng
lostinhoneysea,NA
anhelabelala,NA
melody_qr_,NA
xy3ang,NA
kingmg_gyf,NA
mmss4027,NA
cathwang.04,NA
m1k33333333,NA
wangying90520,NA
harapecoz_,Qin Zou
yunxinqian_,NA
maxximilian_11,NA
orion.occ,NA
bynmock,NA
lesyeuxdelili42,NA
jasonbi_0615,NA
cc060973,NA
roger.liu45,NA
lean.koo,NA
louisvission,NA
marteause,NA
alys_hhy,NA
y0ungzzzz,NA
er111ka._,Erika Li
imlynxliu,NA
thatguykevinj,NA
fennyyy_zzz,FennyZ
michellesoyoung_,NA
lks0306,NA
trsa.z,Teresa Zhou
theayyy__,NA
turnintogrey,NA
hi_cste1012,NA
nonoxu_3418,NA
darceyyyl,NA
mlodvv.1,NA
cococowang_,Ziwen Wang
zacharish_,NA
_rachel0327,NA
notbaoboimbob,NA
ryanw.sc30,NA
lili_ricochan,NA
wei_forever_,weijia li
selinayqff,NA
imchloeiiiiiii,NA
xhazll_,NA
lwt_leonard,NA
candice_wyj_,Candice Wu
joyceeee_qiu,Joyce Qiu
rrlanaa,NA
charlie_zz,NA
john_hu_wei,NA
kessiiichen,Kaixi Chen
_gj1214b.v_v,Zhelin Jiang
arosy_teau,NA
ryanchenry,NA
raziel_w,NA
wuyannn__,NA
mtptdihhwx815,NA
_all.in.joy_,Jöy Li
julisn605,Julie_e
matthew_tlw,NA
oldfly_04,NA
claiiiire_1218,NA
jeffery.j_j,NA
yvvx.___,NA
hammonddd_gao,NA
readmorezizek,NA
spsngdh,NA
yixx_61,NA
loraagaoo,NA
nan.minami0,NA
verdandi_irenehu,NA
david_liu1112,NA
yibei_he,贺依贝 Isabella
latina.ltt,Latina
carol_orac,NA
chrstphr_shen,NA
caroline.scheuermann82,NA
reb_w_,NA
maki.npzx,Maki Nampei
yy2003.0919,NA
jessicaa_wjq,AkmAkmAkm
imabroccolizz,Naomi Zeng
qianhanqian,NA
thereal7ouis,NA
evavavavavavavavavaa,Evaaa
bobbyx_1127,NA
_yyx_yyx,NA
funky_husky,NA
alyssssssa._.chai,Alyssa Chai
fiona.wyh,NA
chatchat1224,NA
dqicec,NA
leojoeybayern,NA
kevj63,NA
kiri_justin,Kir1iii
now_toniyeet,NA
angelalala_zhu,Liqun Zhu
vv_chenn,Vivienne Chen
xiongtiz,NA
silvia_yingqi,NA
sophie_zhangxrrr,NA
pitwjerry,NA
jasongao2004,Jason
zaynding,丁宇衡
gabriel_maduro19,NA
jaxyoutube,NA
franciscoflores271,NA
mzeona_10,NA
sumit_ntz,NA
mshtag__711,NA
ffaass644,NA
truesnkplug,NA
